Workbook

Sheet 1. Variáveis
A1: Dicionário de Variáveis — Próxima Etapa (App do Aluno)
A2: Variáveis necessárias para acompanhamento dos estudantes e gestão dos cursos.
A4: Variável | B4: Origem (tabela.campo) | C4: Tipo | D4: Subtipo | E4: Escala / valores possíveis | F4: Medida de tendência central mais adequada
A5: Nome do aluno | B5: alunos.nome | C5: Qualitativa | D5: Nominal | E5: Texto livre (identificação) | F5: Não se aplica (identificador)
A6: Escola | B6: alunos.escola | C6: Qualitativa | D6: Nominal | E6: 5 escolas parceiras cadastradas | F6: Moda
A7: Cidade | B7: alunos.cidade | C7: Qualitativa | D7: Nominal | E7: 5 cidades da região metropolitana | F7: Moda
A8: Série escolar | B8: alunos.serie | C8: Qualitativa | D8: Ordinal | E8: 1º EM < 2º EM < 3º EM | F8: Mediana
A9: Nível de engajamento | B9: alunos.nivel | C9: Qualitativa | D9: Ordinal | E9: Explorador < Em trilha < Referência | F9: Mediana
A10: Pontos acumulados | B10: alunos.pontos | C10: Quantitativa | D10: Discreta | E10: Inteiro, 0 a ~500 | F10: Média (distribuição sem outliers extremos)
A11: Cursos em que está inscrito | B11: COUNT(inscricoes) | C11: Quantitativa | D11: Discreta | E11: Inteiro, 0 a 3 | F11: Mediana (poucos valores possíveis, assimétrica)
A12: Total de presenças | B12: COUNT(presencas) | C12: Quantitativa | D12: Discreta | E12: Inteiro, depende do nº de encontros | F12: Mediana (sensível a outliers)
A13: Título do curso | B13: cursos.titulo | C13: Qualitativa | D13: Nominal | E13: Texto livre | F13: Moda
A14: Categoria do curso | B14: cursos.categoria | C14: Qualitativa | D14: Nominal | E14: Tecnologia, Educação, Carreira, Idiomas, Inovação | F14: Moda
A15: Carga horária do curso | B15: cursos.carga_horaria | C15: Quantitativa | D15: Contínua* | E15: Horas (8 a 30h) — *tratada em horas cheias | F15: Média
... A19: Status da inscrição | B19: inscricoes.status | C19: Qualitativa | D19: Nominal | E19: inscrito, cursando, concluído, desistente | F19: Moda

Sheet 2. Dados - Alunos
A1: id | B1: nome | C1: escola | D1: serie | E1: cidade | F1: pontos | G1: nivel
A2: 1 | B2: Ana Souza | C2: EE Prof. João XXIII | D2: 1º EM | E2: São Paulo | F2: 120 | G2: Explorador
A3: 2 | B3: Bruno Lima | C3: EE Dom Pedro II | D3: 2º EM | E3: Guarulhos | F3: 361 | G3: Referência
A4: 3 | B4: Carla Mendes | C4: EE Castro Alves | D4: 3º EM | E4: Osasco | F4: 260 | G4: Em trilha
A5: 4 | B5: Diego Alves | C5: EE Machado de Assis | D5: 1º EM | E5: Santo André | F5: 330 | G5: Em trilha
A6: 5 | B6: Elisa Rocha | C6: EE Cora Coralina | D6: 2º EM | E6: Diadema | F6: 125 | G6: Explorador
A7: 6 | B7: Fábio Nunes | C7: EE Prof. João XXIII | D7: 3º EM | E7: São Paulo | F7: 431 | G7: Referência
A8: 7 | B8: Gabriela Dias | C8: EE Dom Pedro II | D8: 1º EM | E8: Guarulhos | F8: 324 | G8: Em trilha
A9: 8 | B9: Henrique Melo | C9: EE Castro Alves | D9: 2º EM | E9: Osasco | F9: 165 | G9: Em trilha
A10: 9 | B10: Isabela Cruz | C10: EE Machado de Assis | D10: 3º EM | E10: Santo André | F10: 411 | G10: Referência
A11: 10 | B11: João Pedro | C11: EE Cora Coralina | D11: 1º EM | E11: Diadema | F11: 67 | G11: Explorador
A12: 11 | B12: Karina Silva | C12: EE Prof. João XXIII | D12: 2º EM | E12: São Paulo | F12: 210 | G12: Em trilha
A13: 12 | B13: Lucas Ferreira | C13: EE Dom Pedro II | D13: 3º EM | E13: Guarulhos | F13: 7 | G13: Explorador
... A31: 30 | B31: Eduardo Batista | C31: EE Cora Coralina | D31: 3º EM | E31: Diadema | F31: 99 | G31: Explorador

Sheet 3. Dados - Cursos
A1: id | B1: titulo | C1: categoria | D1: local | E1: carga_horaria | F1: vagas_totais | G1: vagas_disponiveis
A2: 1 | B2: Introdução à Programação | C2: Tecnologia | D2: FECAP - Liberdade | E2: 20 | F2: 25 | G2: 14
A3: 2 | B3: Oficina de Redação para o ENEM | C3: Educação | D3: Online | E3: 12 | F3: 30 | G3: 28
A4: 3 | B4: Orientação Profissional | C4: Carreira | D4: FECAP - Liberdade | E4: 8 | F4: 35 | G4: 7
A5: 4 | B5: Inglês para o Mundo do Trabalho | C5: Idiomas | D5: Online | E5: 30 | F5: 25 | G5: 18
A6: 5 | B6: Design Thinking na Prática | C6: Inovação | D6: Espaço Próxima Etapa | E6: 16 | F6: 30 | G6: 6
A7: 6 | B7: Finanças Pessoais para Jovens | C7: Carreira | D7: Online | E7: 10 | F7: 35 | G7: 10
A8: 7 | B8: Introdução a Dados e IA | C8: Tecnologia | D8: FECAP - Liberdade | E8: 24 | F8: 25 | G8: 5

Sheet 4. Dados - Participação
A1: aluno_id | B1: nome | C1: cursos_inscritos | D1: total_presencas
A2: 1 | B2: Ana Souza | C2: 2 | D2: 6
A3: 2 | B3: Bruno Lima | C3: 2 | D3: 16
A4: 3 | B4: Carla Mendes | C4: 2 | D4: 12
A5: 4 | B5: Diego Alves | C5: 1 | D5: 3
A6: 5 | B6: Elisa Rocha | C6: 2 | D6: 6
A7: 6 | B7: Fábio Nunes | C7: 2 | D7: 12
A8: 7 | B8: Gabriela Dias | C8: 3 | D8: 30
A9: 8 | B9: Henrique Melo | C9: 1 | D9: 1
A10: 9 | B10: Isabela Cruz | C10: 3 | D10: 15
A11: 10 | B11: João Pedro | C11: 3 | D11: 18
A12: 11 | B12: Karina Silva | C12: 1 | D12: 2
A13: 12 | B13: Lucas Ferreira | C13: 2 | D13: 12
... A31: 30 | B31: Eduardo Batista | C31: 2 | D31: 8

Sheet 5. Medidas - Quantitativas
A1: Medidas de tendência central e percentil 95 — variáveis quantitativas
A2: Fórmulas recalculam automaticamente se os dados das abas 2, 3 e 4 mudarem.
A4: Variável | B4: Média | C4: Mediana | D4: Desvio padrão | E4: Percentil 95 | F4: Interpretação do percentil 95
A5: Pontos acumulados (alunos) | B5: =ROUND(AVERAGE('2. Dados - Alunos'!F2:F31),1) -> 223.8 | C5: =MEDIAN('2. Dados - Alunos'!F2:F31) -> 185 | D5: =ROUND(STDEV('2. Dados - Alunos'!F2:F31),1) -> 142.4 | E5: =ROUND(PERCENTILE('2. Dados - Alunos'!F2:F31,0.95),1) -> 456.6 | F5: 95% dos alunos têm até este total de pontos; acima disso estão os 5% mais engajados.
A6: Cursos em que está inscrito | B6: =ROUND(AVERAGE('4. Dados - Participação'!C2:C31),1) -> 1.9 | C6: =MEDIAN('4. Dados - Participação'!C2:C31) -> 2 | D6: =ROUND(STDEV('4. Dados - Participação'!C2:C31),1) -> 0.8 | E6: =ROUND(PERCENTILE('4. Dados - Participação'!C2:C31,0.95),1) -> 3 | F6: 95% dos alunos estão inscritos em até esta quantidade de cursos simultaneamente.
A7: Total de presenças por aluno | B7: =ROUND(AVERAGE('4. Dados - Participação'!D2:D31),1) -> 11.1 | C7: =MEDIAN('4. Dados - Participação'!D2:D31) -> 7 | D7: =ROUND(STDEV('4. Dados - Participação'!D2:D31),1) -> 9.7 | E7: =ROUND(PERCENTILE('4. Dados - Participação'!D2:D31,0.95),1) -> 28.7 | F7: 95% dos alunos registraram até este número de presenças no período analisado.
A8: Carga horária dos cursos (h) | B8: =ROUND(AVERAGE('3. Dados - Cursos'!E2:E8),1) -> 17.1 | C8: =MEDIAN('3. Dados - Cursos'!E2:E8) -> 16 | D8: =ROUND(STDEV('3. Dados - Cursos'!E2:E8),1) -> 8 | E8: =ROUND(PERCENTILE('3. Dados - Cursos'!E2:E8,0.95),1) -> 28.2 | F8: 95% dos cursos têm carga horária até este valor; acima disso estão os cursos mais longos.
A9: Vagas totais por curso | B9: =ROUND(AVERAGE('3. Dados - Cursos'!F2:F8),1) -> 29.3 | C9: =MEDIAN('3. Dados - Cursos'!F2:F8) -> 30 | D9: =ROUND(STDEV('3. Dados - Cursos'!F2:F8),1) -> 4.5 | E9: =ROUND(PERCENTILE('3. Dados - Cursos'!F2:F8,0.95),1) -> 35 | F9: 95% dos cursos oferecem até esta quantidade de vagas.
A12: Distribuição de pontos acumulados (faixas de 100 em 100)
A14: Faixa | B14: Quantidade de alunos
A15: 0-99 | B15: =COUNTIFS('2. Dados - Alunos'!F2:F31,">="&0,'2. Dados - Alunos'!F2:F31,"<="&99) -> 8
A16: 100-199 | B16: =COUNTIFS('2. Dados - Alunos'!F2:F31,">="&100,'2. Dados - Alunos'!F2:F31,"<="&199) -> 8
A17: 200-299 | B17: =COUNTIFS('2. Dados - Alunos'!F2:F31,">="&200,'2. Dados - Alunos'!F2:F31,"<="&299) -> 4
A18: 300-399 | B18: =COUNTIFS('2. Dados - Alunos'!F2:F31,">="&300,'2. Dados - Alunos'!F2:F31,"<="&399) -> 5
A19: 400-500 | B19: =COUNTIFS('2. Dados - Alunos'!F2:F31,">="&400,'2. Dados - Alunos'!F2:F31,"<="&500) -> 5

Sheet 6. Moda - Qualitativas
A1: Medida de tendência central para variáveis qualitativas: a Moda
A2: Média e mediana não se aplicam a variáveis nominais; a moda (categoria mais frequente) é a medida adequada. Empates são possíveis em amostras pequenas.
A4: Escola
A5: Categoria | B5: Frequência
A6: EE Prof. João XXIII | B6: =COUNTIF('2. Dados - Alunos'!C2:C31,A6) -> 6
A7: EE Dom Pedro II | B7: =COUNTIF('2. Dados - Alunos'!C2:C31,A7) -> 6
A8: EE Castro Alves | B8: =COUNTIF('2. Dados - Alunos'!C2:C31,A8) -> 6
A9: EE Machado de Assis | B9: =COUNTIF('2. Dados - Alunos'!C2:C31,A9) -> 6
A10: EE Cora Coralina | B10: =COUNTIF('2. Dados - Alunos'!C2:C31,A10) -> 6
A12: Cidade
A13: Categoria | B13: Frequência
A14: São Paulo | B14: =COUNTIF('2. Dados - Alunos'!E2:E31,A14) -> 6
A15: Guarulhos | B15: =COUNTIF('2. Dados - Alunos'!E2:E31,A15) -> 6
A16: Osasco | B16: =COUNTIF('2. Dados - Alunos'!E2:E31,A16) -> 6
A17: Santo André | B17: =COUNTIF('2. Dados - Alunos'!E2:E31,A17) -> 6
A18: Diadema | B18: =COUNTIF('2. Dados - Alunos'!E2:E31,A18) -> 6
A20: Nível de engajamento
A21: Categoria | B21: Frequência
A22: Explorador | B22: =COUNTIF('2. Dados - Alunos'!G2:G31,A22) -> 11
A23: Em trilha | B23: =COUNTIF('2. Dados - Alunos'!G2:G31,A23) -> 11
A24: Referência | B24: =COUNTIF('2. Dados - Alunos'!G2:G31,A24) -> 8
A26: Categoria do curso
A27: Categoria | B27: Frequência
A28: Tecnologia | B28: =COUNTIF('3. Dados - Cursos'!C2:C8,A28) -> 2
A29: Educação | B29: =COUNTIF('3. Dados - Cursos'!C2:C8,A29) -> 1
A30: Carreira | B30: =COUNTIF('3. Dados - Cursos'!C2:C8,A30) -> 2
A31: Idiomas | B31: =COUNTIF('3. Dados - Cursos'!C2:C8,A31) -> 1
A32: Inovação | B32: =COUNTIF('3. Dados - Cursos'!C2:C8,A32) -> 1
A35: Resumo — Moda por variável
A36: Variável | B36: Moda (categoria mais frequente) | C36: Frequência
A37: Escola | B37: =INDEX(A6:A10,MATCH(MAX(B6:B10),B6:B10,0)) -> EE Prof. João XXIII | C37: =MAX(B6:B10) -> 6
A38: Cidade | B38: =INDEX(A14:A18,MATCH(MAX(B14:B18),B14:B18,0)) -> São Paulo | C38: =MAX(B14:B18) -> 6
A39: Nível de engajamento | B39: =INDEX(A22:A24,MATCH(MAX(B22:B24),B22:B24,0)) -> Explorador | C39: =MAX(B22:B24) -> 11
A40: Categoria do curso | B40: =INDEX(A28:A32,MATCH(MAX(B28:B32),B28:B32,0)) -> Tecnologia | C40: =MAX(B28:B32) -> 2

Sheet 7. Gráficos Complementares
A1: Gráficos complementares (uma variável quantitativa por curso)
A3: Curso | B3: Carga horária (h)
A4: ='3. Dados - Cursos'!B2 -> Introdução à Programação | B4: ='3. Dados - Cursos'!E2 -> 20
A5: ='3. Dados - Cursos'!B3 -> Oficina de Redação para o ENEM | B5: ='3. Dados - Cursos'!E3 -> 12
A6: ='3. Dados - Cursos'!B4 -> Orientação Profissional | B6: ='3. Dados - Cursos'!E4 -> 8
A7: ='3. Dados - Cursos'!B5 -> Inglês para o Mundo do Trabalho | B7: ='3. Dados - Cursos'!E5 -> 30
A8: ='3. Dados - Cursos'!B6 -> Design Thinking na Prática | B8: ='3. Dados - Cursos'!E6 -> 16
A9: ='3. Dados - Cursos'!B7 -> Finanças Pessoais para Jovens | B9: ='3. Dados - Cursos'!E7 -> 10
A10: ='3. Dados - Cursos'!B8 -> Introdução a Dados e IA | B10: ='3. Dados - Cursos'!E8 -> 24
